star,pdfStart,pdfEnd,locatorVerified,transcriptionStatus,enabledByThisFile
紫微,26,26,True,visualDraftNeedsSecondPass,False
天機,26,26,True,visualDraftNeedsSecondPass,False
太陽,27,27,True,visualDraftNeedsSecondPass,False
武曲,27,27,True,visualDraftNeedsSecondPass,False
天同,28,28,True,visualDraftNeedsSecondPass,False
廉貞,28,28,True,visualDraftNeedsSecondPass,False
天府,29,29,True,visualDraftNeedsSecondPass,False
太陰,29,29,True,visualDraftNeedsSecondPass,False
貪狼,29,30,True,visualDraftNeedsSecondPass,False
巨門,30,30,True,visualDraftNeedsSecondPass,False
天相,30,31,True,visualDraftNeedsSecondPass,False
天梁,31,31,True,visualDraftNeedsSecondPass,False
七殺,31,31,True,unclearGlyph,False
破軍,31,32,True,visualDraftNeedsSecondPass,False
